{
  "name": "流动线",
  "width": 1000,
  "height": 600,
  "data": [
    [
      114.421395,
      27.798413
    ],
    [
      114.422013,
      27.802053
    ],
    [
      114.423721,
      27.801894
    ],
    [
      114.423656,
      27.798312
    ],
    [
      114.425705,
      27.798226
    ],
    [
      114.425721,
      27.801837
    ],
    [
      114.426778,
      27.801938
    ],
    [
      114.427916,
      27.802139
    ],
    [
      114.429477,
      27.802772
    ],
    [
      114.43016,
      27.798715
    ],
    [
      114.43325,
      27.800772
    ],
    [
      114.427998,
      27.807591
    ],
    [
      114.427087,
      27.808152
    ],
    [
      114.425737,
      27.807835
    ],
    [
      114.424648,
      27.80772
    ],
    [
      114.423883,
      27.807245
    ],
    [
      114.421509,
      27.808497
    ]
  ]
}